{
  "controller/Object-dbg.controller.js": 1663680353658,
  "controller/Object.controller.js": 1663680353658,
  "utils/locate-reuse-libs.js": 1663680353645,
  "model/models.js": 1663680353667,
  "model/formatter.js": 1663680353664,
  "controller/Worklist.controller.js": 1663680353663,
  "manifest.json": 1664288593926,
  "controller/NotFound.controller.js": 1663680353655,
  "controller/ErrorHandler.js": 1663680353652,
  "controller/BaseController.js": 1663680353649,
  "controller/App.controller.js": 1663680353647,
  "Component.js": 1663680353635,
  "manifest-bundle.zip": 1664288593935,
  "Component-preload.js": 1664288594153,
  "controller/Worklist-dbg.controller.js": 1663680353663,
  "model/models-dbg.js": 1663680353667,
  "model/formatter-dbg.js": 1663680353664,
  "utils/locate-reuse-libs-dbg.js": 1663680353645,
  "i18n/i18n.properties": 1663680353642,
  "controller/NotFound-dbg.controller.js": 1663680353655,
  "controller/ErrorHandler-dbg.js": 1663680353652,
  "controller/BaseController-dbg.js": 1663680353649,
  "controller/App-dbg.controller.js": 1663680353647,
  "Component-dbg.js": 1663680353635,
  "view/Worklist.view.xml": 1663680505575,
  "view/ObjectNotFound.view.xml": 1663680353675,
  "view/Object.view.xml": 1663680525022,
  "view/NotFound.view.xml": 1663680353669,
  "view/App.view.xml": 1663680353667,
  "index.html": 1663680353636
}